-- ** add Themes data

insert into `PartyGamesDatabase`.`Themes` (`theme_name`) 
  values ('DARK');
insert into `PartyGamesDatabase`.`Themes` (`theme_name`) 
  values ('LIGHT');
insert into `PartyGamesDatabase`.`Themes` (`theme_name`) 
  values ('RETRO');
insert into `PartyGamesDatabase`.`Themes` (`theme_name`) 
  values ('LEMON_IN_WATER');

-- ** add Users data

insert into `PartyGamesDatabase`.`Users` (`user_name`, `email`, `online_status`, `theme_id`, `age`, `country`, `password`) 
  values ('matthewlong29', 'long.matthew29@gmail.com', 'ONLINE', 1, 28, 'United States', 'password123');
insert into `PartyGamesDatabase`.`Users` (`user_name`, `email`, `theme_id`, `age`, `country`, `password`) 
  values ('timmy7', 'timmy@gmail.com', 1, 25, 'United States', '321drowssap');
insert into `PartyGamesDatabase`.`Users` (`user_name`, `email`, `theme_id`, `age`, `country`, `password`) 
  values ('cheesecake', 'cc@gmail.com', 1, 31, 'United States', 'cheesypass');
insert into `PartyGamesDatabase`.`Users` (`user_name`, `email`, `theme_id`, `age`, `country`, `password`) 
  values ('obtrusivemonks', 'obtrusivemonks@gmail.com', 1, 22, 'United States', 'password123');
insert into `PartyGamesDatabase`.`Users` (`user_name`, `email`, `theme_id`, `age`, `country`, `password`) 
  values ('codelevelseel', 'codelevelseel@gmail.com', 1, 11, 'United States', 'password123');
insert into `PartyGamesDatabase`.`Users` (`user_name`, `email`, `online_status`, `theme_id`, `age`, `country`, `password`) 
  values ('tobysincere', 'tobysincere@gmail.com', 'ONLINE', 1, 41, 'United States', 'password123');
insert into `PartyGamesDatabase`.`Users` (`user_name`, `email`, `theme_id`, `age`, `country`, `password`) 
  values ('nokemighty', 'nokemighty@gmail.com', 1, 12, 'United States', 'password123');
insert into `PartyGamesDatabase`.`Users` (`user_name`, `email`, `theme_id`, `age`, `country`, `password`) 
  values ('evanescenthalogen', 'evanescenthalogen@gmail.com', 3, 16, 'United States', 'password123');
insert into `PartyGamesDatabase`.`Users` (`user_name`, `email`, `theme_id`, `age`, `country`, `password`) 
  values ('mangeraerobics', 'mangeraerobics@gmail.com', 1, 17, 'United States', 'password123');
insert into `PartyGamesDatabase`.`Users` (`user_name`, `email`, `theme_id`, `age`, `country`, `password`) 
  values ('beganporthole', 'beganporthole@gmail.com', 1, 22, 'United States', 'password123');
insert into `PartyGamesDatabase`.`Users` (`user_name`, `email`, `theme_id`, `age`, `country`, `password`) 
  values ('establishmentmaternity', 'establishmentmaternity@gmail.com', 1, 13, 'United States', 'password123');
insert into `PartyGamesDatabase`.`Users` (`user_name`, `email`, `theme_id`, `age`, `country`, `password`) 
  values ('enjoymentjoints', 'enjoymentjoints@gmail.com', 1, 21, 'United States', 'password123');
insert into `PartyGamesDatabase`.`Users` (`user_name`, `email`, `theme_id`, `age`, `country`, `password`) 
  values ('axelackluster', 'axelackluster@gmail.com', 3, 11, 'United States', 'password123');
insert into `PartyGamesDatabase`.`Users` (`user_name`, `email`, `theme_id`, `age`, `country`, `password`) 
  values ('olivinerefuse', 'olivinerefuse@gmail.com', 1, 29, 'United States', 'password123');
insert into `PartyGamesDatabase`.`Users` (`user_name`, `email`, `theme_id`, `age`, `country`, `password`) 
  values ('interviewboss', 'interviewboss@gmail.com', 1, 28, 'United States', 'password123');
insert into `PartyGamesDatabase`.`Users` (`user_name`, `email`, `online_status`, `theme_id`, `age`, `country`, `password`) 
  values ('radiancebrushes', 'radiancebrushes@gmail.com', 'ONLINE', 1, 28, 'United States', 'password123');
insert into `PartyGamesDatabase`.`Users` (`user_name`, `email`, `online_status`, `theme_id`, `age`, `country`, `password`) 
  values ('snipeknock', 'snipeknock@gmail.com', 'ONLINE', 1, 27, 'United States', 'password123');
insert into `PartyGamesDatabase`.`Users` (`user_name`, `email`, `online_status`, `theme_id`, `age`, `country`, `password`) 
  values ('cicklypaddock', 'cicklypaddock@gmail.com', 'ONLINE', 2, 28, 'United States', 'password123');
insert into `PartyGamesDatabase`.`Users` (`user_name`, `email`, `theme_id`, `age`, `country`, `password`) 
  values ('unmixablefaint', 'unmixablefaint@gmail.com', 2, 30, 'United States', 'password123');
insert into `PartyGamesDatabase`.`Users` (`user_name`, `email`, `online_status`, `theme_id`, `age`, `country`, `password`) 
  values ('chollysuitable', 'chollysuitable@gmail.com', 'ONLINE', 1, 31, 'United States', 'password123');
insert into `PartyGamesDatabase`.`Users` (`user_name`, `email`, `theme_id`, `age`, `country`, `password`) 
  values ('kappawaals', 'kappawaals@gmail.com', 1, 68, 'United States', 'password123');
insert into `PartyGamesDatabase`.`Users` (`user_name`, `email`, `online_status`, `theme_id`, `age`, `country`, `password`) 
  values ('camcorderlakota', 'camcorderlakota@gmail.com', 'ONLINE', 2, 24, 'United States', 'password123');
insert into `PartyGamesDatabase`.`Users` (`user_name`, `email`, `online_status`, `theme_id`, `age`, `country`, `password`) 
  values ('flylawyer', 'flylawyer@gmail.com', 'ONLINE', 1, 23, 'United States', 'password123');
insert into `PartyGamesDatabase`.`Users` (`user_name`, `email`, `theme_id`, `age`, `country`, `password`) 
  values ('squeegeepartake', 'squeegeepartake@gmail.com', 1, 21, 'United States', 'password123');
insert into `PartyGamesDatabase`.`Users` (`user_name`, `email`, `theme_id`, `age`, `country`, `password`) 
  values ('manleytheo', 'manleytheo@gmail.com', 1, 19, 'United States', 'password123');
insert into `PartyGamesDatabase`.`Users` (`user_name`, `email`, `online_status`, `theme_id`, `age`, `country`, `password`) 
  values ('overridelimits', 'overridelimits@gmail.com', 'ONLINE', 1, 25, 'United States', 'password123');
insert into `PartyGamesDatabase`.`Users` (`user_name`, `email`, `theme_id`, `age`, `country`, `password`) 
  values ('lustardaward', 'lustardaward@gmail.com', 1, 17, 'United States', 'password123');
insert into `PartyGamesDatabase`.`Users` (`user_name`, `email`, `online_status`, `theme_id`, `age`, `country`, `password`) 
  values ('uranusphosphorus', 'uranusphosphorus@gmail.com', 'ONLINE', 3, 14, 'United States', 'password123');
insert into `PartyGamesDatabase`.`Users` (`user_name`, `email`, `theme_id`, `age`, `country`, `password`) 
  values ('databaserepellent', 'databaserepellent@gmail.com', 1, 28, 'United States', 'password123');
insert into `PartyGamesDatabase`.`Users` (`user_name`, `email`, `theme_id`, `age`, `country`, `password`) 
  values ('botchsamovar', 'botchsamovar@gmail.com', 1, 19, 'United States', 'password123');
insert into `PartyGamesDatabase`.`Users` (`user_name`, `email`, `theme_id`, `age`, `country`, `password`) 
  values ('taffrailunsightly', 'taffrailunsightly@gmail.com', 1, 20, 'United States', 'password123');
insert into `PartyGamesDatabase`.`Users` (`user_name`, `email`, `online_status`, `theme_id`, `age`, `country`, `password`) 
  values ('gowpenfuldancer', 'gowpenfuldancer@gmail.com', 'ONLINE', 3, 21, 'United States', 'password123');
insert into `PartyGamesDatabase`.`Users` (`user_name`, `email`, `theme_id`, `age`, `country`, `password`) 
  values ('langdendiscover', 'langdendiscover@gmail.com', 1, 21, 'United States', 'password123');
insert into `PartyGamesDatabase`.`Users` (`user_name`, `email`, `theme_id`, `age`, `country`, `password`) 
  values ('limptarff', 'limptarff@gmail.com', 1, 22, 'United States', 'password123');
insert into `PartyGamesDatabase`.`Users` (`user_name`, `email`, `online_status`, `theme_id`, `age`, `country`, `password`) 
  values ('scotermaternal', 'scotermaternal@gmail.com', 'ONLINE', 3, 16, 'United States', 'password123');
insert into `PartyGamesDatabase`.`Users` (`user_name`, `email`, `online_status`, `theme_id`, `age`, `country`, `password`) 
  values ('amplifyshort', 'amplifyshort@gmail.com', 'ONLINE', 1, 14, 'United States', 'password123');
insert into `PartyGamesDatabase`.`Users` (`user_name`, `email`, `online_status`, `theme_id`, `age`, `country`, `password`) 
  values ('romatinker', 'romatinker@gmail.com', 'ONLINE', 1, 15, 'United States', 'password123');
insert into `PartyGamesDatabase`.`Users` (`user_name`, `email`, `theme_id`, `age`, `country`, `password`) 
  values ('heelglogul', 'heelglogul@gmail.com', 1, 68, 'United States', 'password123');
insert into `PartyGamesDatabase`.`Users` (`user_name`, `email`, `online_status`, `theme_id`, `age`, `country`, `password`) 
  values ('throbbingcalm', 'throbbingcalm@gmail.com', 'ONLINE', 2, 78, 'United States', 'password123');
insert into `PartyGamesDatabase`.`Users` (`user_name`, `email`, `theme_id`, `age`, `country`, `password`) 
  values ('acetoneunplanted', 'acetoneunplanted@gmail.com', 1, 44, 'United States', 'password123');
insert into `PartyGamesDatabase`.`Users` (`user_name`, `email`, `online_status`, `theme_id`, `age`, `country`, `password`) 
  values ('bengaluruversatile', 'bengaluruversatile@gmail.com', 'ONLINE', 1, 42, 'United States', 'password123');
insert into `PartyGamesDatabase`.`Users` (`user_name`, `email`, `theme_id`, `age`, `country`, `password`) 
  values ('minstralweyr', 'minstralweyr@gmail.com', 3, 14, 'United States', 'password123');
insert into `PartyGamesDatabase`.`Users` (`user_name`, `email`, `online_status`, `theme_id`, `age`, `country`, `password`) 
  values ('maximizebuddy', 'maximizebuddy@gmail.com', 'ONLINE', 3, 16, 'United States', 'password123');
insert into `PartyGamesDatabase`.`Users` (`user_name`, `email`, `theme_id`, `age`, `country`, `password`) 
  values ('asparagusroker', 'asparagusroker@gmail.com', 1, 21, 'United States', 'password123');
insert into `PartyGamesDatabase`.`Users` (`user_name`, `email`, `online_status`, `theme_id`, `age`, `country`, `password`) 
  values ('conferenceshiloh', 'conferenceshiloh@gmail.com', 'ONLINE', 1, 21, 'United States', 'password123');
insert into `PartyGamesDatabase`.`Users` (`user_name`, `email`, `online_status`, `theme_id`, `age`, `country`, `password`) 
  values ('traversescreen', 'traversescreen@gmail.com', 'ONLINE', 1, 63, 'United States', 'password123');
insert into `PartyGamesDatabase`.`Users` (`user_name`, `email`, `online_status`, `theme_id`, `age`, `country`, `password`) 
  values ('creditfermium', 'creditfermium@gmail.com', 'ONLINE', 2, 61, 'United States', 'password123');
insert into `PartyGamesDatabase`.`Users` (`user_name`, `email`, `theme_id`, `age`, `country`, `password`) 
  values ('cuddlyenthusiasm', 'cuddlyenthusiasm@gmail.com', 1, 9, 'United States', 'password123');
insert into `PartyGamesDatabase`.`Users` (`user_name`, `email`, `theme_id`, `age`, `country`, `password`) 
  values ('eggfill', 'eggfill@gmail.com', 3, 12, 'United States', 'password123');
insert into `PartyGamesDatabase`.`Users` (`user_name`, `email`, `theme_id`, `age`, `country`, `password`) 
  values ('landmineipad', 'landmineipad@gmail.com', 1, 11, 'United States', 'password123');
insert into `PartyGamesDatabase`.`Users` (`user_name`, `email`, `theme_id`, `age`, `country`, `password`) 
  values ('copyvan', 'copyvan@gmail.com', 1, 56, 'United States', 'password123');
insert into `PartyGamesDatabase`.`Users` (`user_name`, `email`, `online_status`, `theme_id`, `age`, `country`, `password`) 
  values ('immediatesociable', 'immediatesociable@gmail.com', 'ONLINE', 3, 55, 'United States', 'password123');
insert into `PartyGamesDatabase`.`Users` (`user_name`, `email`, `theme_id`, `age`, `country`, `password`) 
  values ('amusablechoosy', 'amusablechoosy@gmail.com', 1, 21, 'United States', 'password123');
insert into `PartyGamesDatabase`.`Users` (`user_name`, `email`, `theme_id`, `age`, `country`, `password`) 
  values ('muscles111', 'muscles111@gmail.com', 2, 22, 'United States', 'password123');

-- ** add Relationships

insert into `PartyGamesDatabase`.`Relationships` (`relating_name`, `related_name`, `relationship_type`) 
  values ('matthewlong29', 'timmy7', 'FRIEND');
insert into `PartyGamesDatabase`.`Relationships` (`relating_name`, `related_name`, `relationship_type`) 
  values ('matthewlong29', 'bengaluruversatile', 'FRIEND');
insert into `PartyGamesDatabase`.`Relationships` (`relating_name`, `related_name`, `relationship_type`) 
  values ('matthewlong29', 'minstralweyr', 'FRIEND');
insert into `PartyGamesDatabase`.`Relationships` (`relating_name`, `related_name`, `relationship_type`) 
  values ('matthewlong29', 'maximizebuddy', 'FRIEND');
insert into `PartyGamesDatabase`.`Relationships` (`relating_name`, `related_name`, `relationship_type`) 
  values ('matthewlong29', 'asparagusroker', 'FRIEND');
insert into `PartyGamesDatabase`.`Relationships` (`relating_name`, `related_name`, `relationship_type`) 
  values ('matthewlong29', 'conferenceshiloh', 'BLOCK');
insert into `PartyGamesDatabase`.`Relationships` (`relating_name`, `related_name`, `relationship_type`) 
  values ('matthewlong29', 'traversescreen', 'BLOCK');
insert into `PartyGamesDatabase`.`Relationships` (`relating_name`, `related_name`, `relationship_type`) 
  values ('databaserepellent', 'matthewlong29', 'FRIEND');
insert into `PartyGamesDatabase`.`Relationships` (`relating_name`, `related_name`, `relationship_type`) 
  values ('databaserepellent', 'timmy7', 'BLOCK');
insert into `PartyGamesDatabase`.`Relationships` (`relating_name`, `related_name`, `relationship_type`) 
  values ('databaserepellent', 'cheesecake', 'FRIEND');
insert into `PartyGamesDatabase`.`Relationships` (`relating_name`, `related_name`, `relationship_type`) 
  values ('databaserepellent', 'obtrusivemonks', 'FRIEND');
insert into `PartyGamesDatabase`.`Relationships` (`relating_name`, `related_name`, `relationship_type`) 
  values ('databaserepellent', 'codelevelseel', 'FRIEND');
insert into `PartyGamesDatabase`.`Relationships` (`relating_name`, `related_name`, `relationship_type`) 
  values ('databaserepellent', 'tobysincere', 'BLOCK');
insert into `PartyGamesDatabase`.`Relationships` (`relating_name`, `related_name`, `relationship_type`) 
  values ('databaserepellent', 'nokemighty', 'BLOCK');
insert into `PartyGamesDatabase`.`Relationships` (`relating_name`, `related_name`, `relationship_type`) 
  values ('databaserepellent', 'evanescenthalogen', 'BLOCK');
insert into `PartyGamesDatabase`.`Relationships` (`relating_name`, `related_name`, `relationship_type`) 
  values ('databaserepellent', 'mangeraerobics', 'FRIEND');
insert into `PartyGamesDatabase`.`Relationships` (`relating_name`, `related_name`, `relationship_type`) 
  values ('amusablechoosy', 'matthewlong29', 'FRIEND');
insert into `PartyGamesDatabase`.`Relationships` (`relating_name`, `related_name`, `relationship_type`) 
  values ('copyvan', 'amusablechoosy', 'BLOCK');
insert into `PartyGamesDatabase`.`Relationships` (`relating_name`, `related_name`, `relationship_type`) 
  values ('flylawyer', 'amusablechoosy', 'BLOCK');
insert into `PartyGamesDatabase`.`Relationships` (`relating_name`, `related_name`, `relationship_type`) 
  values ('flylawyer', 'acetoneunplanted', 'FRIEND');
insert into `PartyGamesDatabase`.`Relationships` (`relating_name`, `related_name`, `relationship_type`) 
  values ('flylawyer', 'bengaluruversatile', 'FRIEND');
insert into `PartyGamesDatabase`.`Relationships` (`relating_name`, `related_name`, `relationship_type`) 
  values ('flylawyer', 'minstralweyr', 'BLOCK');
insert into `PartyGamesDatabase`.`Relationships` (`relating_name`, `related_name`, `relationship_type`) 
  values ('kappawaals', 'cheesecake', 'FRIEND');

-- ** add Games

insert into `PartyGamesDatabase`.`Games` (`game_name`, `min_players_num`, `max_players_num`, `min_age`, `average_game_duration`) 
  values ('TownGames', 2, 10, 13, 45);

-- ** add TownGames

insert into `PartyGamesDatabase`.`TownGames` (`number_of_players`, `game_start_time`, `game_end_time`) 
  values (8, now(), now());

-- ** add TownGamesInstance

insert into `PartyGamesDatabase`.`TownGamesInstance` (`game_instance_id`, `player`) 
  values (1, 'matthewlong29');